19d9c72cc96b43cb	19d5a6a9863672ec	jordan b <gigasails@gmail.com>	Re: March Extras	Fri, 17 Apr 2026 10:17:29 -0700	UNREAD,CATEGORY_PERSONAL,INBOX	hi corey! just letting you know i didn&#39;t see any of these on my paychecks this month. thanks! &gt; On Apr 4, 2026, at 2:33 PM, jordan b &lt;gigasails@gmail.com&gt; wrote: &gt; &gt; ﻿ &gt; miles:
19d9c060a2702de4	19d9c060a2702de4	Target <orders@oe.target.com>	We’ve updated our Terms and Conditions and Privacy Policy	Fri, 17 Apr 2026 09:18:51 -0600	UNREAD,CATEGORY_UPDATES,INBOX	͏ ͏ ͏ ͏ ͏ ͏ ͏ ͏ ͏ ͏ ͏ ͏ ͏ ͏ ͏ ͏ ͏ ͏ ͏ ͏ ͏ ͏ ͏ ͏ ͏ ͏ ͏ ͏ ͏ ͏ ͏ ͏ ͏ ͏ ͏ ͏ ͏ ͏ ͏ ͏ ͏ ͏ ͏ ͏ ͏ ͏ ͏ ͏ ͏ ͏ ͏ ͏ ͏ ͏ ͏ ͏ ͏ ͏ ͏ ͏ ͏ ͏ ͏ ͏ ͏ ͏ ͏ ͏ ͏ ͏ ͏ ͏ ͏ ͏ ͏ ͏ ͏ ͏ ͏ ͏ ͏ ͏ ͏ ͏ ͏ ͏ ͏ ͏ ͏ ͏ ͏ ͏ ͏ ͏ ͏ ͏ ͏ ͏ ͏ ͏ ͏
19d9bd431eb423f9	19d9bd431eb423f9	Dreamstime Blogs <noreply@dreamstime.com>	Cinco de Mayo Email Marketing Ideas for Restaurants, Retail, and Online Shops	Fri, 17 Apr 2026 14:24:26 +0000 (UTC)	UNREAD,CATEGORY_UPDATES,INBOX	See our community&#39;s stories, tips and tricks ... Cinco de Mayo Email Marketing Ideas for Restaurants, Retail, and Online Shops by Diannnadp7 I`ve spent a slightly obsessive amount of time studying
19d9ae2bc64d5d37	19d9ae2bc64d5d37	Quicken Simplifi <noreply@quicken.com>	🎉 You just earned the Asset Accumulator badge!	Fri, 17 Apr 2026 10:00:43 +0000 (UTC)	UNREAD,CATEGORY_UPDATES,INBOX	Simplifi Logo Congratulations, Corey! You just earned a badge! 🎉 Asset Accumulator Asset Accumulator: Level 1 Reached $10K Total Net Worth View achievements Your net worth is on the rise! You&#39;re on
19d99c4ddc524633	19d99c4ddc524633	Quicken Simplifi <noreply@quicken.com>	Success! Your bill was paid 🙌	Fri, 17 Apr 2026 04:48:27 +0000 (UTC)	UNREAD,CATEGORY_UPDATES,INBOX	You&#39;re all set, but you can always check out your bills &amp; subscriptions in Quicken Simplifi Quicken Simplifi Hi Corey, You paid $2.20 to Google Storage. Google Storage $2.20 CREDIT CARD Date:
19d9910aa4834b29	19d8dec384727961	"Lisa M. Gilmore" <LGilmore@skellengerbender.com>	RE: FW: New Orders Filed to Case 18-3-73995-4	Fri, 17 Apr 2026 01:31:06 +0000	IMPORTANT,CATEGORY_PERSONAL,INBOX	Hi Corey, I do not see that we ever received Chase account x9617. When did you send it? Can you resend it? We would need from origin to current. Attached are the orders that we were required to draft.
19d98c8e05d243b7	19d98c8e05d243b7	"Bushore, Miya E" <mebushore@seattleschools.org>	Games this Saturday (4/18)	Fri, 17 Apr 2026 00:11:58 +0000	CATEGORY_PERSONAL,INBOX	Happy Thursday! Reminder: NO practice tomorrow, 4/17. Here are a few reminders for our games this Saturday: The games are at Kent Meridian High School. The address is: 10020 SE 256 th Street, Kent WA
19d98a4cad96fa38	19d8dec384727961	"Lisa M. Gilmore" <LGilmore@skellengerbender.com>	RE: FW: New Orders Filed to Case 18-3-73995-4	Thu, 16 Apr 2026 23:33:38 +0000	IMPORTANT,CATEGORY_PERSONAL,INBOX	Hi Corey, I think it is worth doing a motion for reconsideration, but I do not know that he will change his mind. We do not have your business account records, other than your profit and loss
19d98a14bd09a0cc	19d98a14bd09a0cc	Laura Su <laura@liberatestrength.com>	Invitation: Rena & Corey Personal Training @ Thu Apr 23, 2026 5:30pm - 6:30pm (PDT) (cbadcock@gmail.com)	Thu, 16 Apr 2026 23:30:00 +0000	UNREAD,IMPORTANT,CATEGORY_PERSONAL,INBOX	Rena &amp; Corey Personal Training You have been invited by Laura Su to attend an event named Rena &amp; Corey Personal Training on Thursday Apr 23, 2026 ⋅ 5:30pm – 6:30pm (Pacific Time - Los Angeles).
19d9871050f444f4	19d9871050f444f4	WeWork Support <supportrequests@wework.com>	Request# 11783192 Membership & Billing - Cancel membership    [ ref:!00D2E013KTm.!500Uz011nYCL:ref ]	Thu, 16 Apr 2026 22:37:16 +0000 (GMT)	IMPORTANT,CATEGORY_PERSONAL,INBOX	WeWork Your support request 11783192 has been updated. Please see below. Simply reply to this email to update the support request. Hi Corey, Thank you for contacting WeWork. My name is Simerte, from
19d985c9cecde2ca	19d985c9cecde2ca	Brittany Farrell <brittanyf@outdoorsforall.org>	Summer Camp Planning for Reid	Thu, 16 Apr 2026 22:14:55 +0000	IMPORTANT,CATEGORY_PERSONAL,INBOX	Hi Corey, I wanted to check in with you about Reid and how we can best support him for camp this summer. We&#39;ve noticed this week that he&#39;s been walking away from the group more often and going
19d98483643dfc9c	19d98483643dfc9c	noreplyadvancedmdcom <noreply@advancedmd.com>	Payment Receipt	Thu, 16 Apr 2026 21:52:40 +0000 (UTC)	UNREAD,CATEGORY_UPDATES,INBOX	Trans ID 2035756741 Order ID 3876567 Trans Type Purchase Clerk ID #PT_PORTAL Date/Time 04/16/2026 14:52:32 Card Type VISA Card Number XXXXXXXXXXXX9915 Card Holder Corey C Badcock Entry Method Manual
19d982e9c296538f	19d982e9c296538f	WeWork Support <supportrequests@wework.com>	We’re happy to help: 11783192 Membership & Billing - Cancel membership	Thu, 16 Apr 2026 21:24:44 +0000 (GMT)	CATEGORY_UPDATES,INBOX	‌ ‌ ‌ ‌ ‌ ‌ ‌ ‌ ‌ ‌ ‌ ‌ ‌ ‌ ‌ ‌ ‌ ‌ ‌ ‌ ‌ ‌ ‌ ‌ ‌ ‌ ‌ ‌ ‌ ‌ ‌ ‌ ‌ ‌ ‌ ‌ ‌ ‌ ‌ ‌ ‌ ‌ ‌ ‌ ‌ ‌ ‌ ‌ ‌ ‌ ‌ ‌ ‌ ‌ ‌ ‌ ‌ ‌ ‌ ‌ ‌ ‌ ‌ ‌ ‌ ‌ ‌ ‌ ‌ ‌ ‌ ‌ ‌ ‌ ‌ ‌ ‌ ‌ ‌ ‌ ‌ ‌ ‌ ‌ WeWork YOUR BUILDING GUIDE FAQs
19d9829d0aa858d6	19d9829d0aa858d6	Brown Bear Car Wash <club@brownbear.com>	We're sorry to see you go!  Your Membership has been cancelled.	Thu, 16 Apr 2026 21:19:28 +0000 (UTC)	UNREAD,CATEGORY_UPDATES,INBOX	Hi Corey, This email serves as confirmation that we have cancelled your Unlimited Beary Clean Monthly Wash Club Membership for license number BQF8117. There will be no further charges. In order to
19d9828a558239d9	19d9828a558239d9	Experian <support@s.usa.experian.com>	Corey, your refund is confirmed…	Thu, 16 Apr 2026 15:18:13 -0600	UNREAD,CATEGORY_UPDATES,INBOX	Open to see your refund request details. Experian Logo Membership ID# 10105455967061593 Sign In This is your refund confirmation Good news—we&#39;re processing your refund, which will be credited back
19d982509287c0eb	19d982509287c0eb	Experian <welcome@s.usa.experian.com>	Corey, let's get you set up	Thu, 16 Apr 2026 15:14:15 -0600	UNREAD,CATEGORY_UPDATES,INBOX	Here&#39;s how to activate your new membership benefits Experian Membership ID# 10105455967061593 Sign In Your account is ready to roll First things first, Corey: lock your Experian credit file to
19d981dfff8bbb9e	19d981dfff8bbb9e	Experian <support@s.usa.experian.com>	Sign in from a new device	Thu, 16 Apr 2026 15:06:32 -0600	UNREAD,CATEGORY_PERSONAL,INBOX	We want to make sure that this was you. Experian header logo Experian header logo Unread notifications Sign in Decorative Image Decorative Image A new device signed in to your account This device hasn
19d98167dd9fb167	19d98167dd9fb167	Skool <noreply@skool.com>	Subscription canceled	Thu, 16 Apr 2026 20:58:23 +0000 (UTC)	UNREAD,CATEGORY_UPDATES,INBOX	Money Language Academy Subscription canceled Hey Corey, Your subscription for Money Language Academy has been canceled. You will not be charged again. You will be removed from the group at the end of
19d980aa77b12404	19d980aa77b12404	Prime Video <no-reply@primevideo.com>	Your Peacock Premium Plus Subscription Cancellation	Thu, 16 Apr 2026 20:45:27 +0000	UNREAD,CATEGORY_UPDATES,INBOX	Prime Video Peacock Premium Plus | Manage your subscription Hello Corey Badcock, At your request, we&#39;ve canceled your subscription to Peacock Premium Plus on Prime Video. Re-subscribe to Peacock
19d9808c9350cf28	19d9808c9350cf28	Medium Membership <members@medium.com>	Your membership was successfully cancelled	Thu, 16 Apr 2026 20:43:25 +0000 (UTC)	UNREAD,CATEGORY_UPDATES,INBOX	Your membership was successfully cancelled You&#39;ll still be a member until the end of your current billing cycle on April 24, 2026. Sincerely, The Medium team Need help? Visit our Help Center. Sent
19d980757f2b00ab	19d980757f2b00ab	"Amazon Subscribe & Save" <no-reply@amazon.com>	Subscription cancelled. Other options are suggested for you.	Thu, 16 Apr 2026 20:41:50 +0000	UNREAD,CATEGORY_UPDATES,INBOX	Amazon Amazon Hi Corey Badcock, Your subscription has been cancelled. Replacements are suggested below. Subscription Cancelled BulkSupplements.com N-Acetyl L-Cysteine ... BulkSupplements.com N-Acetyl L
19d97c863ac0cfad	19d97c863ac0cfad	"LinkedIn  Cаrееrs" <noreply@appsheet.com>	LinkedIn: Where talent meets opportunity: Welcome Digital Marketing Professionals	Thu, 16 Apr 2026 12:33:04 -0700	UNREAD,CATEGORY_UPDATES,INBOX	Dear Corey, We&#39;re reaching out from the Executive Recruiting team at LinkedIn. We&#39;re delighted to connect with you to introduce an exciting opportunity to join our leadership team as a Digital
19d97bee2e82ad9d	19d97be86f2b2be3	Quicken Simplifi <noreply@quicken.com>	Large transaction notice 🚨🚨	Thu, 16 Apr 2026 19:22:41 +0000 (UTC)	UNREAD,CATEGORY_UPDATES,INBOX	Quicken Simplifi spotted a large transaction in one of your accounts. Quicken Simplifi Logo Hi Corey!! Quicken Simplifi spotted a large transaction in one of your accounts. In *ls Training $513.39
19d97be8af6c557c	19d97be8af6c557c	Quicken Simplifi <noreply@quicken.com>	Big deposit incoming! 🤑🤑	Thu, 16 Apr 2026 19:22:18 +0000 (UTC)	UNREAD,CATEGORY_UPDATES,INBOX	Quicken Simplifi spotted a large deposit in one of your accounts Quicken Simplifi Logo Hi Corey! Quicken Simplifi spotted a large deposit in one of your accounts. Atm Check Deposit 04/14 8555 15th Ave
19d97be8a8ae0782	19d97be8af6c557c	Quicken Simplifi <noreply@quicken.com>	Big deposit incoming! 🤑🤑	Thu, 16 Apr 2026 19:22:18 +0000 (UTC)	UNREAD,CATEGORY_UPDATES,INBOX	Quicken Simplifi spotted a large deposit in one of your accounts Quicken Simplifi Logo Hi Corey! Quicken Simplifi spotted a large deposit in one of your accounts. Orig Name Wa +$1037.00 SAPPHIRE
19d97be86f2b2be3	19d97be86f2b2be3	Quicken Simplifi <noreply@quicken.com>	Large transaction notice 🚨🚨	Thu, 16 Apr 2026 19:22:18 +0000 (UTC)	UNREAD,CATEGORY_UPDATES,INBOX	Quicken Simplifi spotted a large transaction in one of your accounts. Quicken Simplifi Logo Hi Corey!! Quicken Simplifi spotted a large transaction in one of your accounts. Hwspayrollbpbj Impound Ppd
19d97be866e420f1	19d97be8af6c557c	Quicken Simplifi <noreply@quicken.com>	Big deposit incoming! 🤑🤑	Thu, 16 Apr 2026 19:22:18 +0000 (UTC)	UNREAD,CATEGORY_UPDATES,INBOX	Quicken Simplifi spotted a large deposit in one of your accounts Quicken Simplifi Logo Hi Corey! Quicken Simplifi spotted a large deposit in one of your accounts. Fedwire Credit Via: Citibank Na/ B/o:
19d97bd1ba0cc460	19d97bd1ba0cc460	Chase <no.reply.alerts@chase.com>	You're now sharing data with Quicken	Thu, 16 Apr 2026 19:20:44 +0000 (UTC)	UNREAD,CATEGORY_UPDATES,INBOX	Connected Banking You agreed to share data with Quicken Quicken will access your account information securely, so you&#39;ll never need to share your Chase username and password. You chose to share
19d97bc54954abf3	19d97bc54954abf3	Quicken <noreply@quicken.com>	Quicken Order Confirmation	Thu, 16 Apr 2026 19:19:53 +0000 (UTC)	UNREAD,CATEGORY_UPDATES,INBOX	Thank you for your purchase! Quicken Hi Corey, Welcome to Quicken! We can&#39;t wait for you to get started! Your subscription: 7 day free trial to Quicken Simplifi - autorenews 4/23/2026 at then
19d97ba4c25b1948	19d97ba4c25b1948	Quicken <noreply@quicken.com>	Verify your Quicken account	Thu, 16 Apr 2026 19:17:40 +0000 (UTC)	IMPORTANT,CATEGORY_UPDATES,INBOX	Here&#39;s the verification code you requested Quicken Classic Verify your Quicken account Here&#39;s the verification code you requested — use this code to sign in or verify changes to your account.
19d97abe98a62c1f	19d97abe98a62c1f	Chase <no.reply.alerts@chase.com>	Chase security alert: You signed in with a new device	Thu, 16 Apr 2026 19:01:57 +0000 (UTC)	UNREAD,CATEGORY_PERSONAL,INBOX	Security alert You signed in with a new device You successfully validated your device and signed in. Here are the details: Device: OS X - Chrome When: Apr 16, 2026 at 03:01 PM ET Possible reasons you
19d96e9cf9cb77ce	19d96e9cf9cb77ce	MINDFUL THERAPY GROUP WASHINGTON <noreply@advancedmd.com>	Telehealth verification code: 373296	Thu, 16 Apr 2026 15:29:58 +0000 (UTC)	CATEGORY_UPDATES,INBOX	Verification Code This email was sent automatically by MINDFUL THERAPY GROUP WASHINGTON in response to your request to verify your identity for a Telehealth Appointment Check-In. Please use the
19d93938a4049f4a	19d93938a4049f4a	"Leyton, Heidi" <hjleyton@seattleschools.org>	Unified game 4/18- check game times!!!	Wed, 15 Apr 2026 23:56:10 +0000	UNREAD,CATEGORY_PERSONAL,INBOX	Hi everyone, First, I am unable to check email until late Friday night. Feel free to text me at 206-915-0346 if you have any questions. There were a couple changes to the game times on Saturday (for
19d938a24f8796c5	19d8218c23fc468b	"Johnson, Katelyn M (DSHS/HCLA/DDCS)" <katelyn.warenski@dshs.wa.gov>	RE: Dane	Wed, 15 Apr 2026 23:46:34 +0000	IMPORTANT,CATEGORY_PERSONAL,INBOX	Hi Corey, I wanted to let you know that I received this email. I&#39;m not the right person. You don&#39;t currently have a services case manager – so I need to conduct my review before you can apply
19d93664d2f25309	19d93664d2f25309	"Peterson, Aaron N (DSHS/HCLA/DDCS)" <aaron.peterson@dshs.wa.gov>	Automatic reply: Dane	Wed, 15 Apr 2026 23:07:26 +0000	UNREAD,CATEGORY_PERSONAL,INBOX	Hello, Thank you for reaching out. I am on leave 4/15-4/17. For immediate concerns, please reach out to your case resource manager. If you need escalation, they can refer you to a covering supervisor.
19d934dc37fec238	19d934dc37fec238	Ensora Health Automated Email <notifications@mg.fusionwebclinic.com>	Document from Seattle Therapy - Skills for Life	Wed, 15 Apr 2026 22:40:40 +0000	CATEGORY_UPDATES,INBOX	Document from Seattle Therapy - Skills for Life You&#39;ve received a document from S. Beth Horton with the following message: Hi Corey and Rena, Here is Reid&#39;s latest progress note. Please take a
19d934cc87649cad	19d934cc87649cad	Broadview ELDC <broadview@eldc.org>	Teacher Appreciation Week 2026	Wed, 15 Apr 2026 15:31:31 -0700	UNREAD,CATEGORY_UPDATES,INBOX	Dear Families, The first week of May (May 4-8th) is Teacher Appreciation Week-- a wonderful opportunity to show our teachers how much we value all that they do! In the years past, families have helped
19d932c9bb2c953d	19d932c59500669c	Chase <no.reply.alerts@chase.com>	Your credit card payment is scheduled	Wed, 15 Apr 2026 22:04:25 +0000 (UTC)	UNREAD,CATEGORY_PERSONAL,INBOX	Payment scheduled Thank you for scheduling your credit card payment Here are the details of your payment: Account Chase Freedom Unlimited Visa(...9915) Amount $10872.56 Payment authorized on Apr 15,
19d932c59500669c	19d932c59500669c	Chase <no.reply.alerts@chase.com>	Your credit card payment is scheduled	Wed, 15 Apr 2026 22:04:09 +0000 (UTC)	UNREAD,CATEGORY_UPDATES,INBOX	Payment scheduled Thank you for scheduling your credit card payment Here are the details of your payment: Account Chase Sapphire Preferred Visa(...0614) Amount $1500.00 Payment authorized on Apr 15,
19d932a12f64718b	19d932a12f64718b	help@secureaccess.wa.gov	SAW MFA Code	Wed, 15 Apr 2026 15:01:40 -0700 (PDT)	UNREAD,CATEGORY_UPDATES,INBOX	Authentication code Código de autorización multifactorial 8866-028291
19d93286e78c792b	19d93286e78c792b	no-reply@seattle.gov	City of Seattle Utilities - Payment Confirmation	Wed, 15 Apr 2026 21:59:53 +0000 (UTC)	UNREAD,CATEGORY_UPDATES,INBOX	City of Seattle Utility Payment Transaction Hello, Thank you for your recent City of Seattle utility bill payment. The status of your payment follows. Account Number: 6365815635 Payment Amount: $
19d931d5968804bc	19d931d5968804bc	Xfinity <xfinity@updates.xfinity.com>	Activate your streaming subscriptions	Wed, 15 Apr 2026 17:47:21 -0400	UNREAD,CATEGORY_UPDATES,INBOX	Included with your service Xfinity Logo START STREAMING INSTANTLY Activate your streaming subscriptions If you already have subscriptions, you still need to activate to link your accounts. Activate now
19d92740087493ab	19d92740087493ab	Family Law Staff Seattle <familylawstaffseattle@kingcounty.gov>	TBA | 18-3-73995-4 SEA | ANTHONY-BADCOCK VS BADCOCK	Wed, 15 Apr 2026 18:42:45 +0000	CATEGORY_PERSONAL,INBOX	Good morning, I&#39;ve reached out to the judicial officer regarding the order in question and will provide an update as soon as one is available. Thank you for your follow up and patience! Best, Mary
19d9225bf2bd53b0	19d9225bf2bd53b0	Google Play <googleplay-noreply@google.com>	Your Google Play Order Receipt from Apr 15, 2026	Wed, 15 Apr 2026 10:17:20 -0700	UNREAD,CATEGORY_UPDATES,INBOX	Google Play Thank you Your subscription from Google LLC on Google Play continues and you&#39;ve been charged. Manage your subscriptions Order number: SOP.3379-0194-3651-53345..39 Order date: Apr 15,
19d91d038a100f62	19d40c7d323d3565	Brittany Farrell <brittanyf@outdoorsforall.org>	RE: 2026 Final Confirmation: Spring Day Camps	Wed, 15 Apr 2026 15:43:47 +0000	IMPORTANT,CATEGORY_PERSONAL,INBOX	Hi Corey, We weren&#39;t able to locate the hat today but will keep an eye out for it! Best, Britt Farrell Program Manager- Day Camps Outdoors for All Foundation 1800 Richards Road, Bellevue, WA 98005
19d91c81a9f83c05	19d91c81a9f83c05	Mindful Support Services <noreply@advancedmd.com>	Invitation for Telehealth Appointment with Valdez,Andrea on Thursday, April 16, 2026 8:30 AM.	Wed, 15 Apr 2026 15:35:02 +0000 (UTC)	CATEGORY_UPDATES,INBOX	Hello Dane Badcock , This is an invitation for your Telehealth appointment with Valdez,Andrea. When: Thursday, April 16, 2026 8:30 AM PT (Pacific Time). To join the appointment click this link: Join
19d91b8325a23f36	19d8dec384727961	April Beck <april@demaarlaw.com>	RE: New Orders Filed to Case 18-3-73995-4	Wed, 15 Apr 2026 15:17:36 +0000	IMPORTANT,CATEGORY_PERSONAL,INBOX	Forgive my last email after further review of the order I now see that Respondent&#39;s counsel is directed to prepare a final order for support and final order and findings and send those to the Court
19d917e4e04988d5	19d917e4e04988d5	Chase <no_reply@mcmap.chase.com>	Corey, you're eligible to move your available credit line between Chase cards	Wed, 15 Apr 2026 08:14:24 -0600	UNREAD,CATEGORY_UPDATES,INBOX	You have automatic access to this feature with no fees, application or credit check. ͏ ͏ ͏ ͏ ͏ ͏ ͏ ͏ ͏ ͏ ͏ ͏ ͏ ͏ ͏ ͏ ͏ ͏ ͏ ͏ ͏ ͏ ͏ ͏ ͏ ͏ ͏ ͏ ͏ ͏ ͏ ͏ ͏ ͏ ͏ ͏ ͏ ͏ ͏ ͏ ͏ ͏ ͏ ͏ ͏ ͏ ͏ ͏ ͏ ͏ ͏ ͏ ͏ ͏ ͏ ͏ ͏ ͏
19d91071e5dde877	19d91071e5dde877	Morgan Stanley <Notifications@morganstanley.com>	Morgan Stanley at Work eDelivery Notification	Wed, 15 Apr 2026 08:04:15 -0400 (EDT)	CATEGORY_UPDATES,INBOX	Wealth Management Morgan Stanley Morgan Stanley at Work eDelivery Notification Dear Stock Plan Participant, You have a new message waiting in your Morgan Stanley at Work stock plan account. Please
19d8e452eebdd098	19d8dec384727961	"Lisa M. Gilmore" <LGilmore@skellengerbender.com>	FW: New Orders Filed to Case 18-3-73995-4	Tue, 14 Apr 2026 23:12:46 +0000	IMPORTANT,CATEGORY_PERSONAL,INBOX	Hi Corey, I need to digest this – it looks like his written findings made things worse. Sincerely, Lisa M. Gilmore PRINCIPAL FAMILY LAW PRACTICE GROUP Family law | collaborative law Skellenger Bender,
19d8e2c973b56bec	19d8e2c973b56bec	Xfinity <xfinity@account.xfinity.com>	New Xfinity sign in	Tue, 14 Apr 2026 18:46:19 -0400	UNREAD,CATEGORY_PERSONAL,INBOX	Wasn&#39;t you? Update your account password. Xfinity Logo Your account Did you sign in from a new device? Your Xfinity ID was used to sign in to your Xfinity account. Date: April 14, 2026, 6:46 PM EST
19d8df98d1afcae8	19d8df98d1afcae8	Rena Giannoulakis <rgiannoul@gmail.com>	Finance update	Tue, 14 Apr 2026 14:50:22 -0700	IMPORTANT,CATEGORY_PERSONAL,INBOX	To chat about later... Sending you this note so you can review it before we chat. I&#39;m at a breaking point with these credit card balances and I will do something about it. Mostly because I can&#39;
19d8df50a170c797	19d8df4d865b7167	Corey Badcock <cbadcock@gmail.com>	Task: Talk to Lisa about filing for reconsideration	Tue, 14 Apr 2026 14:45:39 -0700	IMPORTANT,SENT,INBOX	
19d8df19ba5434dc	19d8dec384727961	April Beck <april@demaarlaw.com>	RE: New Orders Filed to Case 18-3-73995-4	Tue, 14 Apr 2026 21:41:50 +0000	IMPORTANT,CATEGORY_PERSONAL,INBOX	Please advise when we will be receiving the actual Order of Child Support that should go along with these 2 documents? April Beck Paralegal de Maar Law april@demaarlaw.com Phone: 425.462.6580 Bellevue,
19d8dec384727961	19d8dec384727961	<donotreplyScript@kingcounty.gov>	New Orders Filed to Case 18-3-73995-4	Tue, 14 Apr 2026 14:35:56 -0700	IMPORTANT,CATEGORY_UPDATES,INBOX	Date: 04/14/2026 Case Number: 18-3-73995-4 SEA Case Title: ANTHONY-BADCOCK NKA VS BADCOCK New order(s) have been filed into this case. Attached you can find a courtesy copy of the order(s) signed by a
19d8d7e5f72a0da7	19d8d7e5f72a0da7	AIM Seattle <info@aim-seattle.org>	Azure Family Concert - Thursday, April 23 at 4:00pm!	Tue, 14 Apr 2026 12:35:50 -0700	CATEGORY_PERSONAL,INBOX	Hello AIM Families, We wanted to pass along an invitation from Seattle Chamber Music Society for their Azure Family Concert on Thursday, April 23 at 4:00pm. This is an event that AIM families often
19d8d61f95135833	19d8d61f95135833	"Соса-Соlа | Ніrіng Таlеnt" <noreply@appsheet.com>	Corey, Structural Optimization — Strategic Briefing	Tue, 14 Apr 2026 12:05:01 -0700	UNREAD,CATEGORY_UPDATES,INBOX	Greetings Corey, We hope you&#39;re doing well. Your expertise and achievements in marketing leadership suggest you could be a strong fit for the Director of Marketing role at Coca-Cola. Your ability
19d8cfdeaada8ee2	19d8cfdeaada8ee2	Google <no-reply@accounts.google.com>	Security alert for corey@pivotvia.com	Tue, 14 Apr 2026 17:15:43 GMT	UNREAD,CATEGORY_UPDATES,INBOX	This is a copy of a security alert sent to corey@pivotvia.com. cbadcock@gmail.com is the recovery email for this account. If you don&#39;t recognize this account, remove it. A new sign-in on Mac corey@
19d8c73f38455068	19d8c73f38455068	MORGAN STANLEY <id@proxyvote.com>	Vote now! AMAZON.COM, INC. Annual Meeting	Tue, 14 Apr 2026 10:45:01 -0400	UNREAD,CATEGORY_UPDATES,INBOX	As an investor in this security, you have the right to vote on important matters. This is your opportunity to make a direct impact on your investment. Your vote counts! ͏ ͏ ͏ ͏ ͏ ͏ ͏ ͏ ͏ ͏ ͏ ͏ ͏ ͏ ͏ ͏
19d8c59b47e9cfac	19d8c59b47e9cfac	Josh Porter <josh@thunderwolf.co>	The Last Human Marketer Updates	Tue, 14 Apr 2026 10:16:08 -0400	UNREAD,IMPORTANT,CATEGORY_PERSONAL,INBOX	Hi, Happy Tuesday! Thank y&#39;all so much for being part of the launch team. We are less than a month away. I have a few updates below: Launch Date: Moved to May 12th Posting Party: Moved to May 12th
19d8c17ee305979a	19d8c17ee305979a	Laura Su <laura@liberatestrength.com>	Invitation: Rena & Corey Personal Training @ Thu Apr 16, 2026 5:30pm - 6:30pm (PDT) (cbadcock@gmail.com)	Tue, 14 Apr 2026 13:04:31 +0000	IMPORTANT,CATEGORY_PERSONAL,INBOX	Rena &amp; Corey Personal Training You have been invited by Laura Su to attend an event named Rena &amp; Corey Personal Training on Thursday Apr 16, 2026 ⋅ 5:30pm – 6:30pm (Pacific Time - Los Angeles).
19d8bdf14572efd7	19d8bdf14572efd7	Chase <no.reply.alerts@chase.com>	 Your account’s available balance is below your $50.00 limit for account ending in (…9822)	Tue, 14 Apr 2026 12:02:23 +0000 (UTC)	UNREAD,CATEGORY_UPDATES,INBOX	Balance alert Your account&#39;s available balance is below your $50.00 limit Here are the details: Account ending in (…9822) Date Apr 14, 2026 at 8:02 AM ET Available balance $-68.73 We want to let
19d8bdf125427e26	19d8bdf125427e26	Chase <no.reply.alerts@chase.com>	Your account ending in (...9822) is overdrawn	Tue, 14 Apr 2026 12:02:24 +0000 (UTC)	UNREAD,CATEGORY_UPDATES,INBOX	Account alert Your account is overdrawn Account ending in (...9822) As of Apr 14, 2026 at 8:02 AM ET Available balance $-68.73 Since the time of this alert, the overdraft may have been covered by
19d8a29cfec7a92c	19d8a29cfec7a92c	<noreplyscl@seattle.gov>	Your Seattle City Light Bill is Past Due	Mon, 13 Apr 2026 21:04:36 -0700	CATEGORY_UPDATES,INBOX	Seattle City Light Bill Past Due Dear COREY C BADCOCK, Your Seattle City Light bill is past due. Account Type: Residential SCL Account Number: 6365815635 Past Due Amount: 449.32 Due Date: 2026-04-11 To
19d89bc61e47ee34	19d89bc61e47ee34	Experian <support@s.usa.experian.com>	Corey, review your weekly financial alerts	Mon, 13 Apr 2026 20:05:14 -0600	UNREAD,CATEGORY_UPDATES,INBOX	You have 3 new alerts. Experian header logo Experian header logo Unread notifications Sign in Your weekly alerts Check out your financial alerts for the week of 04/05 - 04/11. Alerts Large expense
19d8980206491cd1	19d8980206491cd1	"Carin Weinrich (via Clio for Clients)" <donotreply@clio.com>	1 New Message from Weinrich Immigration Law	Tue, 14 Apr 2026 00:59:28 +0000	CATEGORY_UPDATES,INBOX	This is an automated message. Please do not reply to this email. Carin Weinrich from Weinrich Immigration Law has sent you a new message via Clio for Clients. Click the button below to view and respond
19d89663553a60d3	19d89663553a60d3	"Amazon.com" <order-update@amazon.com>	Delivered: "Sumind 6 Pcs Rainbow Ribbon..." and 1 more item	Tue, 14 Apr 2026 00:31:09 +0000	UNREAD,CATEGORY_UPDATES,INBOX	Delivered: &quot;Sumind 6 Pcs Rainbow Ribbon...&quot; and 1 more item͏ ‌ ͏ ‌ ͏ ‌ ͏ ‌ ͏ ‌ ͏ ‌ ͏ ‌ ͏ ‌ ͏ ‌ ͏ ‌ ͏ ‌ ͏ ‌ ͏ ‌ ͏ ‌ ͏ ‌ ͏ ‌ ͏ ‌ ͏ ‌ ͏ ‌ ͏ ‌ ͏ ‌ ͏ ‌ ͏ ‌ ͏ ‌ ͏ ‌ ͏ ‌ ͏ ‌ ͏ ‌ ͏ ‌ ͏ ‌ ͏ ‌ ͏ ‌ ͏ ‌
19d895fc89a4b816	19d895fc89a4b816	Venmo <venmo@email.venmo.com>	A guide to privacy and safety on Venmo	Tue, 14 Apr 2026 00:24:08 +0000 (UTC)	UNREAD,CATEGORY_UPDATES,INBOX	Learn how to review and manage your privacy and security settings ͏ ‌ ﻿ ͏ ‌ ﻿ ͏ ‌ ﻿ ͏ ‌ ﻿ ͏ ‌ ﻿ ͏ ‌ ﻿ ͏ ‌ ﻿ ͏ ‌ ﻿ ͏ ‌ ﻿ ͏ ‌ ﻿ ͏ ‌ ﻿ ͏ ‌ ﻿ ͏ ‌ ﻿ ͏ ‌ ﻿ ͏ ‌ ﻿ ͏ ‌ ﻿ ͏ ‌ ﻿ ͏ ‌ ﻿ ͏ ‌ ﻿ ͏ ‌ ﻿ ͏ ‌ ﻿ ͏ ‌ ﻿ ͏ ‌
19d88f8aa19ef87d	19d88f8aa19ef87d	National Geographic <ng@em.nationalgeographic.com>	Who was the real Pontius Pilate?; the shipwreck that changed WWI; what happened to the Ark of the Covenant?	Mon, 13 Apr 2026 22:31:31 +0000	UNREAD,CATEGORY_UPDATES,INBOX	Plus, the last artisans making Champagne sparkle ‌ ‌ ‌ ‌ ‌ ‌ ‌ ‌ ‌ ‌ ‌ ‌ ‌ ‌ ‌ ‌ ‌ ‌ ‌ ‌ ‌ ‌ ‌ ‌ ‌ ‌ ‌ ‌ ‌ ‌ ‌ ‌ ‌ ‌ ‌ ‌ ‌ ‌ ‌ ‌ ‌ ‌ ‌ ‌ ‌ ‌ ‌ ‌ ‌ ‌ ‌ ‌ ‌ ‌ ‌ ‌ ‌ ‌ ‌ ‌ ‌ ‌ ‌ ‌ ‌ ‌ ‌ ‌ ‌ ‌ ‌ ‌ ‌ ‌ ‌ ‌
19d88b4e46238f1e	19d88b4e46238f1e	Clio <donotreply@clio.com>	Your one-time sign in link for Clio for Clients (2:17:29 PM PDT)	Mon, 13 Apr 2026 21:17:29 +0000	IMPORTANT,CATEGORY_UPDATES,INBOX	You&#39;re almost there! Click the button below to open Clio for Clients with your secure password-free sign in link. This link will expire in 1 hour. You can get a new one by signing in from the
19d88ad629008ff6	19d88ad629008ff6	Brittany Farrell <brittanyf@outdoorsforall.org>	OFA Spring Break Camp Schedule Change	Mon, 13 Apr 2026 21:09:14 +0000	IMPORTANT,CATEGORY_PERSONAL,INBOX	Good Afternoon! With rain forecasted for tomorrow we are going to pivot to bowling at Spin Alley in Shoreline as our main activity in the afternoon. If it is clear in the morning, we will plan on doing
19d888c7a3ca7c77	19d8218c23fc468b	Andrea Valdez <andreavaldez@mindfultherapygroup.com>	Re: Dane	Mon, 13 Apr 2026 13:33:09 -0700	IMPORTANT,CATEGORY_PERSONAL,INBOX	Okay he&#39;s scheduled for 4/16 at 8:30am Andrea Valdez, MN, ARNP (she/her) Psychiatric Nurse Practitioner MINDFUL THERAPY GROUP 206-453-5707 x129 / Fax 206-453-5816 CURRENT PATIENTS I am in clinic on
19d888561704b322	19d8218c23fc468b	Andrea Valdez <andreavaldez@mindfultherapygroup.com>	Re: Dane	Mon, 13 Apr 2026 13:25:23 -0700	IMPORTANT,CATEGORY_PERSONAL,INBOX	Hi Corey, I can meet with you this Thursday to discuss. 8:30 or 10am—please let me know what works. We can go through medication options that may help. I want to discuss either working to lower his
